article_title,date,slug,keywords,mentioned_active_phrases,related_products,related_health_areas,whitepaper_it,whitepaper_en
Allergia alla polvere: sintomi e rimedi naturali,2025-02-05,allergia-alla-polvere--sintomi-e-rimedi-naturali,qualche; mattina; quando; sempre; chiuso; irritati; Quando; ambienti; specie; chiusi; avverti; pizzicore; giornata; starnutire; parlare; armadio; indossi; vestito; fastidio; trattasse,sostegno immunitario,Glutatione Forte,,whitepapers/allergia-alla-polvere--sintomi-e-rimedi-naturali_it.md,whitepapers/allergia-alla-polvere--sintomi-e-rimedi-naturali_en.md
Inestetismi della cellulite: scopri ora quali sono! ,2025-04-02,inestetismi-della-cellulite--scopri-ora-quali-sono-,notato; durante; estate; assistiamo; aumento; pubblicità; prodotti; contrastare; famigerati; inestetismi; cellulite; promettono; eliminarli; comprendono; realmente; questi; essere; sicure; scegliere; prodotto,,,,,
Detox dopo le feste natalizie: integratori e rimedi naturali,2025-01-08,detox-dopo-le-feste-natalizie--integratori-e-rimedi-naturali,promesso; Natale; niente; abbuffate; invece; nonostante; migliori; promesse; propositi; proprio; potuto; evitarlo; esagerato; chiede; natalizie; integratori; valutare; rimedi; naturali; seguire,,,,whitepapers/detox-dopo-le-feste-natalizie--integratori-e-rimedi-naturali_it.md,whitepapers/detox-dopo-le-feste-natalizie--integratori-e-rimedi-naturali_en.md
"Come depurare la pelle: rimedi naturali, dieta e trattamenti",2025-04-23,come-depurare-la-pelle--rimedi-naturali--dieta-e-trattamenti,cercando; depurare; naturale; efficace; Ottima; notizia; giusto; questo; articolo; scoprirai; rimedi; naturali; alimenti; consigliati; luminoso; trattamenti; utilizzati; liberare; impurità; tisane,,,,,
Psicobiotici in commercio: cosa c’è da sapere,2025-01-15,psicobiotici-in-commercio--cosa-c--da-sapere,situazione; stressante; subito; intestino; gonfio; avverti; crampi; fossero; collegati; stress; mentale; riflettesse; direttamente; sistema; digestivo; sentito; commercio; esistono; psicobiotici; capirne,,,,whitepapers/psicobiotici-in-commercio--cosa-c--da-sapere_it.md,whitepapers/psicobiotici-in-commercio--cosa-c--da-sapere_en.md
Alimenti ricchi di Ferro: ecco quali scegliere!,2025-01-22,alimenti-ricchi-di-ferro--ecco-quali-scegliere-,navigando; scoprire; alimenti; ricchi; proprio; articolo; giusto; lettura; scegliere; perché; questo; prezioso; nutriente; indice; dettagliato; argomenti; approfondire; uguale; differenza; dettagliata,,,,,
Probiotici e prebiotici insieme: la scelta migliore in farmacia,2025-01-29,probiotici-e-prebiotici-insieme--la-scelta-migliore-in-farmacia,appena; terminato; trattamento; antibiotico; bisogno; ripristinare; equilibrio; intestinale; Oppure; intestino; transito; irregolare; semplicemente; prenderti; benessere; digestivo; episodi; disturbi; intestinali; ristabilire,,,,whitepapers/probiotici-e-prebiotici-insieme--la-scelta-migliore-in-farmacia_it.md,whitepapers/probiotici-e-prebiotici-insieme--la-scelta-migliore-in-farmacia_en.md
Qual è il miglior Collagene da bere per la pelle,2025-02-10,qual---il-miglior-collagene-da-bere-per-la-pelle,navigando; scoprire; miglior; Collagene; ricerche; appena; trovato; quello; cercando; caratteristiche; integratore; essere; considerato; migliore; idrolizzato; peptidi; bioattivi; Contiene; Ialuronico; formula,,,,whitepapers/qual---il-miglior-collagene-da-bere-per-la-pelle_it.md,whitepapers/qual---il-miglior-collagene-da-bere-per-la-pelle_en.md
Per le rughe è meglio il Collagene o l’Acido Ialuronico?,2025-02-19,per-le-rughe---meglio-il-collagene-o-l-acido-ialuronico-,qualche; appare; segnato; Collagene; sembra; essere; Tuttavia; Ialuronico; mirato; invecchiamento; cutaneo; effetto; rimpolpante; guasterebbe; affatto; meglio; scegliere; possibile; prenderli; entrambi,,,,whitepapers/per-le-rughe---meglio-il-collagene-o-l-acido-ialuronico-_it.md,whitepapers/per-le-rughe---meglio-il-collagene-o-l-acido-ialuronico-_en.md
A che età assumere Collagene?,2025-03-05,a-che-et--assumere-collagene-,profonde; perdita; elasticità; cutanea; lassità; tessuti; cambiamenti; fluidità; movimenti; articolari; segnali; possono; riflettere; importanza; integrazione; mirata; assumere; Collagene; quanto; inserirlo,,,,whitepapers/a-che-et--assumere-collagene-_it.md,whitepapers/a-che-et--assumere-collagene-_en.md
Benessere di stomaco e intestino: guida alla scelta dell’integratore giusto,2025-05-15,benessere-di-stomaco-e-intestino--guida-alla-scelta-dell-integratore-giusto,Quando; benessere; gastrointestinale; persona; esigenze; diverse; intestino; sensibile; minimo; cambiamento; gonfiore; addominale; convive; quotidianamente; sensazione; stomaco; fiamme; widgets; Banner; Generale,,,,whitepapers/benessere-di-stomaco-e-intestino--guida-alla-scelta-dell-integratore-giusto_it.md,whitepapers/benessere-di-stomaco-e-intestino--guida-alla-scelta-dell-integratore-giusto_en.md
Acido folico per capelli: la verità che (forse) ancora non sai,2025-03-26,acido-folico-per-capelli--la-verit--che--forse--ancora-non-sai,Durante; chiacchierata; amiche; quelle; conversazioni; toccano; disparati; inclusi; segreti; bellezza; vedendo; ultimi; Instagram; scoperto; benefici; folico; capelli; domandando; corrisponde; verità,,,,whitepapers/acido-folico-per-capelli--la-verit--che--forse--ancora-non-sai_it.md,whitepapers/acido-folico-per-capelli--la-verit--che--forse--ancora-non-sai_en.md
Febbre da fieno: periodo e rimedi naturali indicati,2025-04-15,febbre-da-fieno--periodo-e-rimedi-naturali-indicati,Febbre; periodo; rimedi; naturali; indicati; starnuti; prurito; tormentano; iniziano; diverso; probabilmente; chiedendo; critico; febbre; risposta; sempre; univoca; dipende; pollini; presenti,,,,whitepapers/febbre-da-fieno--periodo-e-rimedi-naturali-indicati_it.md,whitepapers/febbre-da-fieno--periodo-e-rimedi-naturali-indicati_en.md
Caduta capelli e ormoni,2025-04-09,caduta-capelli-e-ormoni,principali; caduta; capelli; legata; ormoni; giustamente; chiedi; ormone; perdere; responsabile; questa; domanda; giusto; questo; articolo; scoprirai; Ormoni; rimedi; naturali; efficaci,,,,whitepapers/caduta-capelli-e-ormoni_it.md,whitepapers/caduta-capelli-e-ormoni_en.md
I capelli grassi cadono più facilmente? Ecco la verità,2025-03-12,i-capelli-grassi-cadono-pi--facilmente--ecco-la-verit-,chiedendo; capelli; grassi; cadano; facilmente; giusto; questo; articolo; esploreremo; eccesso; davvero; favorire; caduta; vedremo; principali; sveleremo; alcuni; rimedi; naturali; combattere,,,,whitepapers/i-capelli-grassi-cadono-pi--facilmente--ecco-la-verit-_it.md,whitepapers/i-capelli-grassi-cadono-pi--facilmente--ecco-la-verit-_en.md
Legumi e colon irritabile: scopri quali scegliere e come prepararli,2025-02-26,legumi-e-colon-irritabile--scopri-quali-scegliere-e-come-prepararli,cercando; capire; soffre; irritabile; mangiare; legumi; giusto; risposta; consumare; alcune; accortezze; infatti; celebri; straordinari; benefici; nutrizionali; ricchi; proteine; vegetali; nutrienti,,,,whitepapers/legumi-e-colon-irritabile--scopri-quali-scegliere-e-come-prepararli_it.md,whitepapers/legumi-e-colon-irritabile--scopri-quali-scegliere-e-come-prepararli_en.md
Sonno e sport: come e quando allenarsi per dormire,2025-04-30,sonno-e-sport--come-e-quando-allenarsi-per-dormire,attività; fisica; pilastri; nostro; benessere; Praticare; regolarmente; impatto; positivo; contribuisce; mantenere; equilibrio; corporeo; sostiene; densità; incrementa; livelli; energia; funzioni; cognitive,,,,whitepapers/sonno-e-sport--come-e-quando-allenarsi-per-dormire_it.md,whitepapers/sonno-e-sport--come-e-quando-allenarsi-per-dormire_en.md
Dieta del riso: cosa è importante sapere,2025-05-07,dieta-del-riso--cosa---importante-sapere,sentito; parlare; saperne; proprio; articolo; giusto; Grazie; lettura; scoprirai; importante; sapere; questo; particolare; regime; alimentare; tornato; ultimamente; indice; dettagliato; argomenti,,,,whitepapers/dieta-del-riso--cosa---importante-sapere_it.md,whitepapers/dieta-del-riso--cosa---importante-sapere_en.md
Pulizia del Colon naturale fai da te: ecco come fare,2025-05-21,pulizia-del-colon-naturale-fai-da-te--ecco-come-fare,spesso; sensazione; gonfiore; pesantezza; pancia; ultimamente; mandarti; segnali; crampi; irregolarità; tensione; addominale; arrivato; momento; intestinale; sapere; pulizia; naturale; giusto; Quando,,,,whitepapers/pulizia-del-colon-naturale-fai-da-te--ecco-come-fare_it.md,whitepapers/pulizia-del-colon-naturale-fai-da-te--ecco-come-fare_en.md
Carbossiterapia contro la cellulite: funziona?,2025-05-23,carbossiterapia-contro-la-cellulite--funziona-,carbossiterapia; funzione; contro; inestetismi; cellulite; beneficiare; massimo; questo; trattamento; estetico; articolo; funziona; davvero; Meccanismo; azione; dolorosa; Integrazione; alimentare; consigliata; abbinamento,,,,whitepapers/carbossiterapia-contro-la-cellulite--funziona-_it.md,whitepapers/carbossiterapia-contro-la-cellulite--funziona-_en.md
Caduta dei capelli in estate: cause e rimedi,2025-09-03,caduta-dei-capelli-in-estate--cause-e-rimedi,Quando; arrivano; estivi; trovare; cuscini; spazzole; capelli; proprio; articolo; giusto; Grazie; lettura; scoprirai; caduta; estate; rimedi; adottare; esaltare; bellezza; chioma,,,,whitepapers/caduta-dei-capelli-in-estate--cause-e-rimedi_it.md,whitepapers/caduta-dei-capelli-in-estate--cause-e-rimedi_en.md
Come riattivare il microcircolo con estratti naturali,2025-05-28,come-riattivare-il-microcircolo-con-estratti-naturali,stanche; pesanti; diventate; tormento; iniziano; pesare; macigni; Esisterà; qualcosa; alleviare; questa; sensazione; Benvenuta; benvenuto; nostro; sapere; gonfiore; pesantezza; spesso; legata,,,,,
Vino e menopausa: cosa è utile sapere,2025-06-04,vino-e-menopausa--cosa---utile-sapere,alcune; menopausa; spauracchio; declino; inesorabile; liberazione; solito; appuntamento; mensile; soprattutto; doloroso; abbondante; inizio; libera; spensierata; piaceri; innegabilmente; calice; saggio; salutare,,,,whitepapers/vino-e-menopausa--cosa---utile-sapere_it.md,whitepapers/vino-e-menopausa--cosa---utile-sapere_en.md
Quanto camminare per dimagrire?,2025-05-26,quanto-camminare-per-dimagrire-,Quanto; camminare; dimagrire; chiedendo; troppo; cuscinetti; localizzati; oggigiorno; problema; comune; Viviamo; momento; sedentarietà; cattive; abitudini; alimentari; frenesia; quotidiana; prendono; spesso,brevettati,Kiomasal,Integratori Naturali per i Capelli,whitepapers/quanto-camminare-per-dimagrire-_it.md,whitepapers/quanto-camminare-per-dimagrire-_en.md
Come rinforzare vene e capillari,2025-06-20,come-rinforzare-vene-e-capillari,Quando; ventenne; apparire; capillari; allarmata; averli; precocemente; rispetto; amiche; temere; avanzare; sarebbero; interamente; ricoperte; genetica; termine; visita; specialistica; dovuto; rassegnarmi,,,,whitepapers/come-rinforzare-vene-e-capillari_it.md,whitepapers/come-rinforzare-vene-e-capillari_en.md
Olio di oliva e colesterolo: cosa sapere,2025-07-02,olio-di-oliva-e-colesterolo--cosa-sapere,sempre; considerato; toccasana; panacea; interno; esterno; esempio; Tuttavia; tratta; grasso; seppur; monoinsaturo; siccome; ultimi; caratterizzati; accanita; contro; grassi; colesterolo; domanda,,,,whitepapers/olio-di-oliva-e-colesterolo--cosa-sapere_it.md,whitepapers/olio-di-oliva-e-colesterolo--cosa-sapere_en.md
Sostieni il benessere della prostata con i rimedi della nonna,2025-06-27,sostieni-il-benessere-della-prostata-con-i-rimedi-della-nonna,passare; alcune; nostro; crescono; esempio; orecchie; stesso; prostata; ingrossarsi; fenomeno; naturale; menopausa; dipendere; ormonale; sapere; sostenere; benessere; semplice; seguimi; Perché,,,,whitepapers/sostieni-il-benessere-della-prostata-con-i-rimedi-della-nonna_it.md,whitepapers/sostieni-il-benessere-della-prostata-con-i-rimedi-della-nonna_en.md
Come dormire con l’acidità di stomaco?,2025-09-19,come-dormire-con-l-acidit--di-stomaco-,capita; rigirarti; cercando; disperatamente; posizione; giusta; alleviare; acidità; stomaco; riuscire; finalmente; riposare; questo; svegliarti; mattino; stanco; avessi; combattuto; battaglia; durante,,,,,
Statine e intestino: il ruolo del microbiota nel benessere cardiovascolare,2025-10-06,statine-e-intestino--il-ruolo-del-microbiota-nel-benessere-cardiovascolare,colesterolo; quando; presente; eccesso; essere; nemico; silenzioso; infatti; ipercolesterolemia; rappresenta; principali; fattori; rischio; cardiovascolare; assumendo; statina; sostenere; benessere; facendo; importante,,,,whitepapers/statine-e-intestino--il-ruolo-del-microbiota-nel-benessere-cardiovascolare_it.md,whitepapers/statine-e-intestino--il-ruolo-del-microbiota-nel-benessere-cardiovascolare_en.md
Il tuo farmaco anti-reflusso e il tuo intestino: una connessione da conoscere,2025-10-15,il-tuo-farmaco-anti-reflusso-e-il-tuo-intestino--una-connessione-da-conoscere,inibitori; protonica; omeprazolo; esomeprazolo; pantoprazolo; lansoprazolo; farmaci; prescritti; utilizzati; ridurre; produzione; stomaco; trovano; impiego; gestione; condizioni; reflusso; gastroesofageo; gastrite; ulcera,,,,whitepapers/il-tuo-farmaco-anti-reflusso-e-il-tuo-intestino--una-connessione-da-conoscere_it.md,whitepapers/il-tuo-farmaco-anti-reflusso-e-il-tuo-intestino--una-connessione-da-conoscere_en.md
Stress e intestino: perché se sei stressato la pancia va in tilt?,2025-10-23,stress-e-intestino--perch--se-sei-stressato-la-pancia-va-in-tilt-,capitato; riunione; importante; magari; proprio; dovevi; parlare; improvviso; dovuto; correre; veloce; maratoneta; Oppure; durante; periodo; stressante; intestino; bloccato; traffico; stress,,,,,
Vitamina D quando prenderla: prima o dopo i pasti?,2025-11-12,vitamina-d-quando-prenderla--prima-o-dopo-i-pasti-,iniziato; assumere; vitamina; probabilmente; starai; chiedendo; quando; prenderla; assunta; Meglio; mattina; colazione; stomaco; domande; legittime; perché; possono; sembrare; banali; momento,,,,whitepapers/vitamina-d-quando-prenderla--prima-o-dopo-i-pasti-_it.md,whitepapers/vitamina-d-quando-prenderla--prima-o-dopo-i-pasti-_en.md
Selenio per la pelle: quali sono i benefici,2025-11-19,selenio-per-la-pelle--quali-sono-i-benefici,sentito; parlare; Selenio; tratta; minerale; essenziale; nostro; organismo; perché; sostiene; funzionamento; diversi; aspetti; Inoltre; lavora; apporterebbe; benefici; questo; articolo; approfondiremo,,,,whitepapers/selenio-per-la-pelle--quali-sono-i-benefici_it.md,whitepapers/selenio-per-la-pelle--quali-sono-i-benefici_en.md
